tag,category
EquityMethodInvestmentExcludingVariableInterestEntity,Assets
ProvisionforDoubtfulAccountsExcludingAmountsNotIncludedinProvision,Other
MortgageLoansOnRealEstateFaceAmountOfMortgages,Other
ProceedsFromAdditionOfOfUnitholdersUnits,Cash Flow
ConvertibleShareHoldersLoanTransferredToOwnershipInterestAcquirer,Equity
NetIncomeAttributableToControllingInterestsAndTransfersFromRedeemableNoncontrollingInterestsOperatingPartnership,Income
ProceedsFromDerivativeInstrumentsInInvestingActivities,Cash Flow
DeferredTaxAssetsCurrentAccruedExpenses,Expenses
BusinessCombinationConsiderationPayableCashNoncurrent,Assets
ScheduleOfSegmentReportingInformationZeroThreeFourNineFourZeroFourcCvTPnyGRNSeven,Other
NetIncomeLossAvailabletoCommonStockholdersBasicNetofParticipatingSecurities,Assets
RegistrationRightsPaymentforFailuretoMaintainEffectivenessMultiplierofthePurchasePricePercent,Cash Flow
CapitalLeasesSuccessiveRenewalPeriodsAvailableforLeaseAgreement,Equity
ContractsForAcquisitionOfPlantAndEquipmentBeingOrToBeExecuted,Assets
ConsolidatedOtcDerivativeAssetsNetOfCrossmaturityNetting,Assets
Chargessettledwithcommonunitsunitsissued,Other
TroubledDebtRestructuredLoansOutstandingAccrualStatus,Liabilities
TreasuryStockAcquiredAverageCostPerShare,Equity
SecuritiesLoanedAmountOffsetAgainstCollateral,Assets
RentPayableRelatedParty,Liabilities
ReceivablefromRedemptionofForeignOperations,Assets
PaymentsOnLoans,Cash Flow
NonRecourseLongTermDebtCurrent,Liabilities
DebtInstrumentStatedCouponRateInterestExpense,Expenses
OtherRestrictedAssetsCurrent,Assets
CapitalLeaseLeaseFinancingObligationsAndMortgageNotesPayable,Liabilities
NotesAndLoansReceivableRecordedInvestmentSixtyToNinetyDaysPastDue,Assets
AnnualSalesOfActoplus,Revenue
PreconfirmationLiabilitiesNotSubjectToCompromise,Liabilities
LoansAndLeasesReceivableNetReportedAmountExcludingLoansOfConsolidatedVariableInterestEntities,Assets
LetterofCreditReserveAmount,Other
LoansAndLeasesReceivableSpecificProvisionRecovery,Assets
EmployeeServiceCompensationCashAwards,Assets
OtherDeductionsNet,Other
LegalCostsLicenseFeesAndPreparationCosts,Expenses
DirectorsFeesAndLiabilityInsurance,Liabilities
ScheduleOfSharebasedPaymentAwardStockOptionsValuationAssumptionsZeroThreeFiveThreeThreeZerorphfmTwoGdlOnenm,Equity
LossesonDispositionofPropertyandIntangibleImpairment,Expenses
OtherPostretirementBenefitsPayments,Cash Flow
AcquisitionExpenseReimbursement,Expenses
EquityZeroThreeFiveThreeThreeZeroVqbkPtSNPWvV,Equity
IssuanceOfCommonStockForInvestmentInChinaOperatingCompany,Assets
DisposalGroupIncludingDiscontinuedOperationResearchAndDevelopmentExpense,Cost
EquipmentAcquiredThroughCapitalLeaseArrangements,Assets
EatonCorp.andcertainothersubsidiariesguaranteeofSeniorDebt,Liabilities
PercentageOfEconomicInterest,Other
IntangibleAssetsZeroThreeFourNineFiveZeroHmbxznlBFiverFiveTwo,Assets
NumberofSharesIssuedforloans,Equity
PledgedAssetsSeparatelyReportedPropertyPlantEquipmentPledgedAsCollateral,Assets
PaymentsOfDebtRestructuringAndExtinguishmentCosts,Expenses
UnbilledContractsReceivableCurrent,Assets
ScheduleOfAssetsAtFairValueZeroThreeFourNineFourZeroGKJFourzTTwowRNinexn,Assets
ConsultingAndAdvisoryRevenues,Revenue
LeverageRatioIncreaseInEventOfMaterialAcquisition,Other
TotalOutstandingPromissoryNotes,Other
LoansAndLeasesReceivableMaximumPercentageConsumerLoans,Assets
CostsOfBillingsOnCompletedContractsOrPrograms,Expenses
ConsumerAndCustomerDeposits,Other
ServiceChargeOnLoans,Other
GasMmcfPurchaseOfOilAndNaturalGasPropertiesInPlace,Cash Flow
ScheduleOfDisclosureOfSharebasedCompensationArrangementsBySharebasedPaymentAwardZeroThreeFiveThreeThreeZeroJNinepNPKzFourlzfy,Cash Flow
LoansReceivableCommercialAgricultural,Assets
ShareBasedCompensationArrangementByShareBasedPaymentAwardEquityInstrumentsOptionsUnvestedOutstandingNumber,Equity
ProceedsFromUnconsolidatedJointVentureExcessOfCumulativeEarnings,Cash Flow
ComprehensiveIncomeLossFromEquityMethodInvestmentsNetOfTaxPeriodIncreaseDecrease,Assets
GainFromWriteoffOfLongagedPayables,Liabilities
IncomeTaxExpenseRelatedToUnfavorableTaxSettlement,Expenses
BusinessCombinationAcquisitionRelatedFairValueAdjustmentsRevenue,Revenue
SiteContingencyNumberOfSitesWithPotentialRemediationObligations,Liabilities
AccrualForEnvironmentalLossContingenciesUndiscountedDueInFourYearsNetOfEstimatedInsuranceProceeds,Cash Flow
ProceedsFromDispositionOfRealEstate,Cash Flow
ConcentrationsZeroThreeFiveZeroNineFourZeroZeroSevenTwoxLfxFourPrTccb,Other
ProceedsFromSaleVesselsToRelatedParties,Cash Flow
AssetRetirementObligationLiabilitiesRelatedToHeldForSale,Assets
LoansandLeasesReceivableLoansinProcessandUnamortizedLoanCommitmentandOriginationFeesandUnamortizedDiscountsorPremiums,Assets
ExtinguishmentofDebttodate,Liabilities
CurrentPortionOfDeferredGainOnSaleLeaseback,Liabilities
NetSalesPurchasesOfTradingSecurities,Revenue
NumberOfDevelopedMedicines,Other
ScheduleOfAssetsAndLiabilitiesAtFairValueZeroThreeFiveZeroThreeFourZeroZeroOnesZeroFiveTOnewZeroTSixlCEight,Assets
CommonandPreferredStockSharesAuthorized,Equity
AmortizationOfPremiumOnMarketableSecurities,Expenses
PaymentsToAcquireRetainedInterestInSecuritizedReceivables,Assets
MinimumPercentShareOfEachStateAnnualizedBaseRentThatCompanyOwned,Other
PercentageOfThresholdLimitForAmountSetAsideInReserveFundOfRegisteredCapital,Equity
SavingDepositsAndMoneyMarketAccounts,Other
MinorityInterestDecreaseFromDistributionsIncludingJointVentures,Other
Reversalofprioryearpatronageandredemptionestimates,Other
ServicingAssetatAmortizedCostAdditionsbyBusinessAcquisition,Assets
StockBasedCompensationCommonStockAndOptionsGrantedToEmployeesAmount,Equity
ShareInGrossMargin,Other
NonCashCollateralIssuedFinancialInstruments,Assets
LongTermDebtCurrentAndDebtInstrumentUnamortizedDiscount,Liabilities
UnderOverDistributedEarningsAttributableToCommonUnitHolders,Other
ContingentPaymentObligationEstablishedForSaleOfProductInConnectionWithAcquisition,Liabilities
ImpactofretrospectivelyadoptingnewaccountingguidanceonBenefitCosts,Expenses
OtherPayableToRelatedPartiesTransferredToSubscribedCapital,Liabilities
AccrualForEnvironmentalLossContingenciesIncreaseDecreaseForCurrencyTranslationAndOther,Other
PercentageOfDiscountToAverageCommonStockPeriodPriorToConversion,Equity
FairValueAssetNetDerivativeAssetLiabilityMeasuredOnRecurringBasisUnobservableInputsReconciliationSales,Revenue
InventoryCurrentNoncurrent,Assets
NuclearFuel,Other
ClassOfWarrantOrRightExpiredInPeriod,Other
DerivativeAssetsNoncurrentGross,Assets
DerivativeLiabilityNettingAdjustment,Liabilities
CommonStockConversionPrincipalAmount,Equity
NumberOfOfficeBuildingsOwned,Other
CertificateOfferingMinimalInvestment,Assets
PromissoryNoteCancelled,Other
ProceedsReceivableFromFurnitureFixturesAndEquipmentDisposal,Assets
CarriedInterest,Other
SharesIssuesForServices,Equity
AggregatesHeldForResaleInventory,Assets
DeferredTaxAssetsNetOfRevenueRecognition,Revenue
EarningsPerUnitBasic,Other
IncreaseRateAnnual,Other
ProvisionForLoanLossesOnOriginatedLoansExpensed,Expenses
TaxBenefitExpenseFromShareBasedCompensationFinancingActivities,Expenses
NumberOfOutstandingLettersOfCredit,Other
RentalProductNet,Other
ReclassOfFairValueOfWarrantyLiabilityToCommonStockUponExerciseOfWarrants,Liabilities
AccruedVacationAndBonus,Other
FinancingReceivablewithNoRelatedAllowanceUnpaidPrincipalBalance,Assets
RealEstateNet,Other
EventsCostOfRevenues,Revenue
NumberOfVesselsInConstruction,Other
SharebasedCompensationArrangementBySharebasedPaymentAwardEquityInstrumentsOtherThanOptionsOutstanding,Equity
InstantExchangeRateTwd,Other
FormationLoanYearFive,Other
ConversionOfRelatedPartyNoteToPreferredStock,Equity
PayableForAcquisitionNonCurrent,Liabilities
CommonStockCapitalSharesReservedforFutureIssuanceStockWarrantsExercised,Equity
UnrecognizedTaxBenefitsPeriodIncreaseDecrease,Other
EquityZeroThreeFiveThreeThreeZeroLdSkkpcPNmSixT,Equity
Intercompanyassets,Assets
OffBalanceSheetLoanCommitmentsEvaluatedForImpairment,Expenses
AccretionExpenseDueToGoldenPostPrefStock,Expenses
ShareBasedCompensationArrangementByShareBasedPaymentAwardEquityInstrumentsOtherThanOptionsExpiredWeightedAverageExercisePrice,Equity
VariableInterestEntityConsolidatedAssetsToSettlementObligationsExceptRegisteredCapital,Assets
Totalassets,Assets
NumberofVariableInterestJointVentures,Other
RelatedPartyBaseFeeDueAfterFifthYear,Other
SignificantAccountingPoliciesZeroThreeFiveThreeSixZeroykTJStwCBPtFive,Other
ClinicalTrialExpenses,Expenses
TaxAssessmentsWithInterest,Other
BankNotesDiscount,Other
DebtInstrumentRepaymentRateRevenueContingencyThereafter,Revenue
NumberOfSecuritiesInContinuousUnrealizedLossPosition,Assets
PeriodOverPriorYearPeriodPercentIncreaseDecreaseFeesAndOtherRevenue,Revenue
PreferredStockWarrantLiabilities,Liabilities
InvestmentAccountedForByEquityMethod,Assets
DisposalGroupIncludingDiscontinueOperationOperatingIncomeLoss,Income
ExerciceOfStockOptionPlanValue,Equity
StockIssuedDuringPeriodValueConversionOfConvertibleSecurities1,Assets
OtherIncomeTotal,Other
FixedConvertibleNotesPayableCurrent,Liabilities
AdditionalPaidinCapitalSharePremiumAccount,Equity
NumberOfSharesPreviouslyAccruedForButReversed,Equity
NoncashOrPartNoncashAcquisitionIntangibleAssetsAcquired,Assets
InterestInJointVenture,Other
GainsLossesOnRepossessedAndForeclosedProperties,Other
CertainLoansAcquiredInTransferNotAccountedForAsDebtSecuritiesAllowanceForLoanLossesReductionsFromPaymentsAndLiquidations,Assets
OtherThanTemporaryImpairmentLossesInvestmentsPortionRecognizedInEarningsNetDebtSecurities,Expenses
BuildingsFurnitureAndImprovements,Other
ShareBasedCompensationArrangementByShareBasedPaymentAwardOptionsAndStockAppreciationRightsCancelledInPeriodWeightedAverageExercisePrice,Equity
UnearnedPremiumDirect,Other
DepositsOfCashOutsideDomesticCountry,Assets
ExchangeRatioAmountGreater,Other
CommonStockCapitalValueReservedForFutureIssuance,Equity
AccountsPayableSettledWithRestrictedCash,Assets
MarketValuationAdjustmentsNet,Other
PercentageOfRevenueByMajorCustomer,Revenue
StockOptionsAndWarrantsZeroThreeFourNineOneZeromCzpREightTwoGXLQTwo,Equity
Note9Interest,Other
ProceedsFromIssuanceOfCommonStockDividendReinvestmentPlan,Assets
IncreaseDecreaseInDepositsAndPrepaidExpenses,Expenses
ClassOfWarrantOrRightJanuaryPrivatePlacement,Other
ConvertibleNotesPayableExcludingRelatedParties,Liabilities
Increaseintaxreceivableagreementliabilityrelatedtoquarterlyexchangebymemberownerssharebasedcompensation,Assets
MajorSuppliersAndCustomersZeroThreeFourNineNineThreeNineNineEightrzTwoOneQFivefyzZeroMJ,Other
GainsLossesAndProvisionsOnOtherRealEstate,Other
StockBasedCompensationZeroThreeFiveOneNineZeroDzFiveFivemSixcOneFTwSix,Equity
DerivativeLiabilityCollateralRighttoReclaimSecuritiesandCashOffset,Assets
MortgageLoanParticipationAndSaleAgreement,Other
ScheduleOfSharebasedCompensationStockOptionsActivityZeroThreeFourEightEightThreeNineEightNinexgdBGpyWFGwh,Equity
NumberOfIndividualCustomersAccountingForMoreThanTenPercentOfRevenue,Revenue
OperatingCostsAndExpensesOtherThanDepreciationAndRestructuring,Expenses
DeferredGainOnSaleOfRealEstateCurrent,Liabilities
RepurchasedSharesFromVestedStockAwards,Equity
GainLossFromInvestmentActivitiesNet,Assets
FinancialExpensesLoss,Expenses
InstallmentLoans,Other
CostOfClinicalEngineeringSolutions,Other
CumulativeNetOperatingLoss,Other
CharterHireCommissionPercentage,Other
IncreaseDecreaseInDueToRelatedParties,Other
ScheduleOfSegmentReportingInformationBySegmentZeroThreeFiveOneNineZeroSevenThreecFivelHwCnDcC,Other
LimitedPartnersCapitalAccountUnitsInitiallyAuthorized,Equity
LegalFeesLgCapitalFundingLlc2,Equity
PrepaidSoftwareandSupport,Other
Debenture2,Other
PrivateEquityGeneralandAdministrativeExpensesAdvancedonBehalfofaFortressFunds,Expenses
DeferredOrdinarySharesAuthorized,Liabilities
BusinessCombinationRecognizedIdentifiableAssetsAcquiredAndLiabilitiesAssumedAssetRetirementObligations,Assets
ConversionsOfExchangeNotes,Other
ProceedsFromSaleOfConsumerLoansHeldForSale,Cash Flow
FederalDepositInsuranceCorporationAndOtsoccAssessments,Other
ConvertibleNotesPayablePrincipalBalanceConversions,Liabilities
EquityZeroThreeFiveZeroNineFourZeroZeroSevenRPzwEightNineTPpLkG,Equity
DeferredIncomeTaxRecovery,Liabilities
CommonStockZeroThreeFourNineEightZerocHpwgNinebQKFivepW,Equity
DerivativeAssetBeforeEffectsOfMasterNettingArrangementsCurrent,Assets
DeferredPolicyAcquisitionCostsPeriodIncreaseDecrease,Expenses
GrossManagementFee,Other
RestrictedCashRelatedtoProceedsfromLongtermDebt,Assets
ScheduleOfSummaryOfConvertiblePromissoryNoteZeroThreeFiveThreeSixFourZeroThreeSixWFcdTwodFQBqcv,Other
PriorYearLossDevelopment,Other
DeferredIncomeTaxExpenseBenefitExcludingShareBasedPaymentShortfall,Expenses
EffectiveIncomeTaxRateReconciliationNonTaxableEntities,Income
PriorYearClaimsandClaimsAdjustmentExpenseIncreaseDecreaseinPremiumEstimates,Expenses
ScheduleOfPropertyPlantAndEquipmentZeroThreeFiveTwoFourZeroySixwHGLLFourckSixR,Assets
LessForeignTranslationAdjustmentPropertyPlantAndEquipment,Assets
Warrantliabilityfairvalue,Liabilities
DividendsPaidtoNoncontrollingInterest,Equity
ConvertiblePreferredStockTermsofConversionOptionalConversiontoCommonUnitsVolumeWeightedAveragePriceofCommonUnitsDollarvalue,Equity
ConvertiblePromissoryNotesZeroThreeFiveThreeSixFourZeroThreeSixbGOneVOneZeroFourTNLBy,Other
ExpenseIncomeOnOperationsOfOtherRealEstate,Expenses
ScheduleOfSegmentReportingInformationlossIncomeFromOperationsBySegmentZeroThreeFiveZeroNineFourZeroZeroSevenWlvThreeFivesNineFivecZWx,Other
ConvertibleNotesPayableRelatedPartyDebtDiscount,Liabilities
USTreasurySecuritiesAndMoneyMarketFundsFairValueDisclosure,Assets
Liquidity,Other
StockGrantedValueSharebasedCompensationForfeitedTaxBenefit,Equity
AccountsPayableToRelatedPartiesPayment,Liabilities
CommonSharesIssuedInConnectionWithTheConversionOfThe10SeniorConvertibleNotesAndAccruedInterestThereonValue,Equity
EquityMethodInvestmentsOtherActivityNet,Assets
ScheduleOfWarrantsAndStockOptionsActivityZeroThreeFiveTwoFourFourZeroTwoOneTwoPMBdbTwoNEightlsw,Equity
StockOptionsInSubsidiaryGrantedAndVestedToEmployeesDirectorsAndConsultants,Equity
ExpendituresForRealEstateDevelopment,Other
StockIssuedDuringPeriodValueIssuedForVendorContractTermination,Equity
BeneficialConversionFeaturesSetUpAsDebtDiscount,Liabilities
CompanyAlsoHadADemandLoanPayableOutstandingInThePrincipalAmount,Liabilities
ShareBasedCompensationExpenseRecognizedInOperatingExpense,Cost
TemporaryEquityDividendsPayablePaidInKind,Liabilities
AmortizationOfIntangibleAssets,Expenses
CostOfProductSalesExcludingAmortizationOfAcquiredDevelopedTechnologyAndIntangibleAssetImpairment,Revenue
AsbestosRelatedInsuranceReceivablesNoncurrent,Assets
AllowanceForLossesOnReceivablesSpecificallyEvaluatedForImpairment,Expenses
FairValueMeasurementWithUnobservableInputsReconciliationRecurringBasisAssetPeriodIncreaseDecrease,Assets
SignificantVendor,Other
CommitmentsZeroThreeFiveFourNineFourZeroFourFivegwwrJxvQOnePCL,Other
VariableInterestEntityConsolidatedCarryingAmountPropertyNet,Assets
ScheduleOfDeferredGovernmentGrantsZeroThreeFiveThreeEightZerohkBSevenTwoCsFourZSevenZeroSix,Liabilities
CashlessConversionOfWarrants,Assets
ScheduleOfDisclosureOfSharebasedCompensationArrangementsBySharebasedPaymentAwardZeroThreeFiveThreeThreeZeroEightNineFiveThreeqdkWvEighttG,Cash Flow
Aep_ProceedsFromSaleOfMerchantGenerationAssets,Assets
CostAndEstimatedEarningsInExcessOfBillings,Other
DistributionsPayableToGeneralPartner,Liabilities
PaymentforRepurchasesofStockforBenefitPlan,Equity
PrincipalActivitiesBasisOfPresentationAndOrganizationZeroThreeFiveThreeEightZeroSevenSixdFJdTtbWTV,Other
InformationTechnologyConversionCosts,Expenses
EffectiveIncomeTaxRateReconciliationNondeductibleInterestAmount,Income
WorkingCapitalNet,Equity
ReserveFacilityClosingsAndLeaseTerminationInterestAccretion,Other
TradingAdvisorsIncentiveFees,Other
CertainLoansAcquiredInTransferAccountedForAsDebtSecuritiesRightToCallOrPrepayTheObligationsEstimatedFairValue,Assets
OrganizationAndBusinessBackgroundZeroThreeFiveThreeFourZeroMPgOneZSixsgGFGv,Other
StockIssuedDuringPeriodValuesOnConversionOfNotesPayableTwentyOne,Liabilities
IncreaseDecreaseInAccruedDistributions,Other
Averageleaseterm,Other
DeferredRentAndOtherLongTermLiabilitiesNoncurrent,Liabilities
TaxRateDifferentialBetweenJuristictions,Other
IncreaseNumberOfSharesThatMayBeIssued,Equity
SubsidiaryRevenue,Revenue
PercentageChangeOfNetWrittenPremiums,Other
NumberOfSuccessiveFiveYearTerms,Other
BusinessCombinationContingentConsiderationLiabilityEquity,Liabilities
DeferredSalesInducementsAmortizationExpenseNetInvestmentGainsLosses,Revenue
SecondQuarterNetIncomeLossFromDiscontinuedOperations,Income
RegulatoryAssetsRenewableEnergyRecovery,Assets
ProvisionForIncomeTaxesZeroThreeFiveThreeSixZeroMhTkDmPLtNineDh,Income
TreasuryStockSharesROI,Equity
MaximumPercentageOfEquityInterestOfSubsidiariesBorrowingsGuaranteed,Equity
DistributionMadeUnderCapitalGain,Equity
EstimatedFairValueOfWarrantLiabilityRemeasurementCharge,Liabilities
CapitalStockZeroThreeFiveFourNineFourZeroFourFiveLKKEightgnzOneOneThreeXNine,Equity
TierOneRiskBasedCommonCapitalRequiredForCapitalAdequacy,Equity
ShareBasedCompensationArrangementByShareBasedPaymentAwardOptionsOutstandingInPeriodGrantDateIntrinsicValue,Cash Flow
RegulatoryAccountingPrinciplesNetLoss,Income
ImpairmentofLoansHeldforSale,Expenses
OrganizationAndSummaryOfSignificantAccountingPoliciesZeroThreeFiveZeroFourZerofgSmXPgTyrSixD,Other
BusinessCombinationRecognizedIdentifiableAssetsAcquiredandLiabilitiesAssumedTenantOriginationandAbsorptionCostsIntangibles,Expenses
ForeignExchangeGainLossOnIntercompanyDebt,Liabilities
WeightedAverageNumberOfSharesOutstandingTotal,Equity
EquityMethodInvestmentSummarizedFinancialInformationNetInvestmentInProperties,Assets
PreconfirmationIntangibleAssetsNet,Assets
SecuritiesLoanedRateRequiredOfCollateralAsPercentOfMarketValueOfLoansSecurities,Assets
CommittmentsToExtendCredit,Other
NoncashInvestingAndFinancingItemsTotal,Assets
OperatingLeasesTypicalNumberOfLeaseRenewalOptions,Other
NonCashAdjustmentDerivativeFairValue,Assets
CommitmentsSignificantContractsAndContingenciesZeroThreeFourNineSixZerovHNzRDWSGhSevenZ,Other
NetPurchasesProceedsFromSalesOfMoneyMarketFunds,Revenue
IncomeTaxesPreferentialIncomeTaxRateAdvancedAndNewTechnologyEnterprises,Income
AmortizationofotherfairvalueadjustmentsnetarisingontheMerger,Expenses
LoanBalanceForReviewingHighRiskLoansMinimum,Other
GuaranteeObligationsCurrentCarryingValue,Liabilities
OwnershipControlPercentageWithDisputesResolvedThroughArbitration,Other
AccruedSoftwareLicenseFees,Other
RecoveriesOfPreproductionCostsRelatedToLongTermSupplyAgreements,Expenses
AccruedInformationTechnologySystemAndInfrastructureImplementationCurrent,Other
TheValuationAllowance_MarchWas,Other
BusinessCombinationBargainPurchaseGainRecognizedAmount,Other
AccountsPayableCurrentSubjectToThirdPartyService,Liabilities
IncrementalWeightedAverageCommonSharesAttributableToConversionOfOpUnits,Equity
NetAmountsOfLiabilitiesPresentedInStatementOfFinancialPosition,Liabilities
EquityZeroThreeFourEightEightThreeNineEightNineFOnePXFiveNzKNinebvFive,Equity
NetAssetsRestrictedToTransfer,Assets
PercentageOwnership,Other
StockBasedCompensationRelatedToStockOptions,Equity
TemporaryEquityInterestInSubsidiaryEarnings,Equity
WorkingCapitalDeficit1,Equity
DepositsIntercompany,Other
EffectiveIncomeTaxRateReconciliationUnrecognizedTaxBenefitsPercent,Income
AvailableForSaleSecuritiesInUnrealizedLossPositionsTwelveMonthsOrLongerQualitativeDisclosureNumberOfPositions,Revenue
AccumulatedOtherComprehensiveIncomeLossCumulativeChangesInNetGainLossFromCashFlowHedgeEffectBeforeTax,Assets
StockRepurchaseProgramCumulativeSharesRepurchased,Equity
AnnualExcessCoverage,Other
AllowanceforShipAndDebit,Other
NoncashCapitalizedSoftwareAdditions,Assets
RealEstateCostOfRealEstateSoldNetOfGainLoss,Other
OtherLongTermLiabilities,Liabilities
NumberOfCommonShares,Equity
NumberOfInvestorsCompensationExpenseWasProvidedtoParentCEOBy,Expenses
MinedTonnageStockpiled,Equity
ShareBasedCompensationNoncontrollingInterestEquityBasedAwards,Equity
AccruedMunicipalSurcharge,Other
NonInvestmentRevenue,Revenue
SharesEarnedAndIssuableUnderCompensationPlans,Equity
TermLoanInterestPaymentsMade,Cash Flow
VolumeOfStorageLagoon,Other
ScheduleOfDisclosureOfSharebasedCompensationArrangementsBySharebasedPaymentAwardZeroThreeFiveThreeThreeZeroOnenxFournxCJSixZerofNine,Cash Flow
AvailableforsaleSecuritiesDebtMaturitiesRollingYearTwoThroughFiveAmortizedCostBasisPercent,Revenue
CostofGoodsSoldNewEquipmentSales,Revenue
DeferredTaxAssetsPropertyPlantAndEquipmentNoncurrent,Assets
LossOnConversionOfWarrantLiabilityToStock,Liabilities
DiscountedCashFlowMethodologyNumberOfPayments,Assets
AmountRelatedToInterestRateHedgesOnCertainUnsecuredLongTermBorrowingsMaturingInYearSix,Other
AccruedDrillingAndFacilityCosts,Expenses
LiabilityClassifiedShareUnits,Liabilities
TotalAnnualGrossRevenueonLastDayofFiscalYearBasedonWhichEntityWillCeaseStatusofEmergingGrowthCompany,Revenue
AccumulatedOtherComprehensiveIncomeTranslationGainLossOnNetInvestmentHedgeTax,Assets
GeneralPartnersCapitalDeficit,Equity
AdvancePaymentsAndOthersToUnrelatedParties,Cash Flow
ExpensesBeforeIncentiveFeesToAverageNetAssets,Expenses
FinancingReceivableModificationCombination,Assets
RetirementOfStockholderNotesReceivableNetOfIssuance,Assets
GoodwillAdditionsFromAcquisitions,Assets
GainLossOnDispositionOfAssetsHeldForSale,Assets
ScheduleOfConvertibleDebtZeroThreeFourEightEightThreeNineEightNinebKZeroQFHmNVkfx,Liabilities
Unrealizedlosspositionforavailableforsaleandheldtomaturitysecuritiesinacontinuouslosspositionforlessthan12months,Assets
MinimumInitialCapitalizationSaleOfShares,Equity
PercentagesOfForeignOperationsConsolidatedRevenue,Revenue
ScheduleOfChangesToValuationAllowanceForDeferredTaxAssetsZeroThreeFiveTwoFiveZerozwSevenSixZcTwowFourJTOne,Assets
MultiemployerPlansMinimumContributionRate,Other
DonationOfCommonStock,Equity
RestructuringChargesOperatingActivities,Other
ConvertibleLoanAgreementsZeroThreeFiveZeroThreeZeroKdNxqpfzlzWL,Other
IncreaseDecreaseInLongTermDepositsClassifiedAsInvestingActivities,Other
DeferredIncentiveIncomeMaturedDistributedGross,Liabilities
WeightedAveragePriceOfAntidilutiveSecuritiesExcludedFromComputationOfEarningsPerShare,Assets
AmortizationYearTwo,Expenses
CumulativeAmountOfUnpaidInterestOnImpairedLoans,Other
AdvancesFromRelatedPartiesPayment,Cash Flow
ProceedsFromSaleOfStockHeldByStockEmployeeCompensationTrust,Equity
AccountsReceivableUnbilledandRetainage,Assets
SitesOnSuperfundNationalPrioritiesList,Other
ScheduleOfSummaryOfConvertiblePromissoryNoteZeroThreeFiveThreeSixFourZeroThreeSixkqTmnmTmThreeKXx,Other
LongLivedAssetsHeldForUse,Assets
AdjustmentsToAdditionalPaidInCapitalDeferredTaxAsset,Assets
UnrealizedGainLossOnDerivativesFairValueAdjustment,Other
ScheduleOfDisclosureOfSharebasedCompensationArrangementsBySharebasedPaymentAwardZeroThreeFiveThreeThreeZerostTNineEightFiveQkyRVq,Cash Flow
FairValueMeasurementsCarriedForwardFromPriorPeriodEnded,Other
CapitalLeaseObligationsDiscountRemainderOfFiscalYear,Liabilities
EmployeeStockPurchasePlanEmployeeMaximumContributionOfAnnualEarningsPerParticipantPercentage,Equity
NetIncomeLossBeforeEarningsOfConsolidatedSubsidiaries,Income
TimeSharingTransactionsAllowanceForUncollectibleAccounts,Other
RestructuringAccrualExpectedToPayInNextTwelveMonth,Other
GoodwillImpairmentTestExpectedControlPremium,Expenses
ConstructionCostsTransferredDuringPeriod,Expenses
ConvertibleDebtNoncurrent,Liabilities
ScheduleOfSharebasedCompensationStockOptionsAndWarrantsOrRightsActivityZeroThreeFourEightOneThreeNineEightTwoMLGbkEightKOneBMdT,Equity
DeferredTaxAssetsValuationAllowanceOnRemainingAsset,Assets
LineofCreditFacilityRemainingBorrowingCapacityAfterCovenantRestrictions,Other
RangeOfExercisePrices021049WarrantsOutstandingAverageRemainingContractualLifeInYears,Other
SubleasesFutureRentalIncomeDueinThreeYears,Other
FiniteLivedIntangibleAssetsRentalIncomeIncreaseDecreaseYearThree,Assets
PaymentsForDividendsToPreferredUnitholders,Equity
NumberofSubsidiariesTaxableasaCorporation,Other
RevenueFromHostedAndRelatedServices,Revenue
LossContingencyClassActionLawsuit,Other
AdjustmentsToAdditionalPaidInCapitalSettlementOfDerivativeLiability,Liabilities
DeferredCommissionNoncurrent,Liabilities
InterestExpenseOtherContraExpense,Expenses
ScheduleOfFairValueAssetsAndLiabilitiesMeasuredOnRecurringBasisZeroThreeFiveFourFourZeroFWOnevVKBWFTwoLw,Assets
EquityZeroThreeFourEightEightThreeNineEightNinebFourGRKFoursTEighthZS,Equity
IncreaseDecreaseServiceContractRelatedParties,Other
TotalRealizedandDeferredGainLossonDisposal,Liabilities
IncomeLossFromContinuingOperationsPerDilutedShare,Other
NonParticipatingManufacturerAdditionalAdjustmentCreditsRecognized,Other
ThirdQuarterOperatingExpense,Cost
ConvertibleDebenturesNetOfDiscountCurrent,Other
ValuationCapByTheFullyDilutedNumberOfShares,Equity
CommercialRevenuesRecognizedUponDeliveryGross,Revenue
FederalAndStateIncomeTaxesPayable,Liabilities
InterestNotes,Other
ShareBasedCompensationArrangementByShareBasedPaymentAwardEquityInstrumentsOtherThanOptionsVestedAndRedeemedWeightedAverageGrantDateFairValue,Equity
AccumulatedLossesOfInvestee,Other
RecallsAndOtherSafetyMeasuresAccrualPayments,Cash Flow
DepositsAssetsCurrentTotal,Assets
LessTaxTaxBenefit,Other
PaymentstoAcquireTimeDeposits,Cash Flow
DerivativeCashReceivedPaidOnHedge,Assets
NoncashorPartNoncashDistributionsPayable,Assets
FinancingReceivableModificationsRecordedInvestmentNotIncludedInNonAccrual,Assets
ServiceAgreementServicesProvided,Other
DueToSubsidiariesCurrent,Other
ScheduleOfFairValueOfDerivativeLiabilityRelatedToWarrantsZeroThreeFiveZeroNineFourZeroZeroSevenTzSevenFivetHtpsZeronw,Liabilities
DebtInstrumentCollateralPercentage,Liabilities
ScheduleOfSevenFiveZeroZeroZeroStockOptionsValuationAugustOneThreeTwoZeroOneFiveZeroThreeFourEightOneThreeNineEightTwoTcLThreeTdLxJXFg,Equity
ConsolidationLessThanWhollyOwnedSubsidiaryParentOwnershipInterestEffectsOfChangesNetZeroThreeFourEightEightThreeNineEightNineqOneCThreeXpslgxSQ,Other
PaymentsForDepositsForPurchaseOfProductiveAssets,Assets
IncreaseDecreaseInAdvancesFromBorrowersForTaxesAndInsuranceNet,Other
LoansheldforinvestmentNetUnrealizedGain,Assets
ScheduleOfDisclosureOfSharebasedCompensationArrangementsBySharebasedPaymentAwardZeroThreeFourEightEightThreeNineEightNinecFiveVSevenvwmmOnenpF,Cash Flow
SellingCommissionsAndDealManagerFeesIncurred,Other
RatioOfAllowanceForLoanAndLeaseLossesToTotalGrossLoansAndLeases,Other
PaymentOfContingentConsideration,Cash Flow
StatutoryAccountingPracticesPortionOfExcessRetainedEarningsNotTaxed,Equity
LoansAndLeasesReceivableNetOfDeferredIncomeIncludingCoveredLoans,Assets
RealEstateIncomeNet,Other
DvdSubscriptionAndOtherRevenues,Revenue
LongtermInvestmentsAndNotesReceivableNoncurrent,Assets
ShareBasedCompensationArrangementByShareBasedPaymentAwardNumberOfSharesForfeituresAvailableForReGrant,Equity
DeferredCostsCurrentAndNoncurrentAccumulatedAmortization,Expenses
ScheduleOfShorttermDebtZeroThreeFourNineFiveThreeNineNineFourThreekOnebhyHyzSixXp,Liabilities
RoyaltiesFutureMinimumPaymentsDueInFiveYears,Cash Flow
InvestmentsandCashAmountthatBecameUnrestrictedDuringthePeriod,Assets
ImpactOnFairValueOfTwentyFiveBasisPointsDecrease,Other
DeferredSharesSharesOutstanding,Liabilities
ConvertiblePromissoryNotesPayableRelatedPartiesCurrent,Liabilities
RevenueTechnologyUk,Revenue
StockIssuedDuringPeriodSharesIssuedForConversionOfDebt,Liabilities
NumberOfThemeParks,Other
ConvertibleStockIssuedByReDesignationOfOrdinaryShares,Equity
OtherDebtors,Liabilities
AssignmentOfRelatedPartyNotesPayableToAnUnrelatedThirdParty,Liabilities
CashAndCashEquivalentsAtCarryingValueHeldAtTwoFinancialInstitutions,Assets
PolicyLoansPercentOfTotalInvestments,Assets
StoreClosingReserve,Other
AmortizationOfIntangibleAssetsLessCapitalizedSoftwareDevelopmentCostsAndAcquiredDataSets,Expenses
IncreaseDecreaseinDuefromRelatedPartiesInvestingActivities,Other
NetCashFromAcquitionNetOfPaidForPrefrredStock,Assets
ShareBasedCompensationArrangementShareBasedPaymentAwardOptionsPercentageOfOutstandingOptions,Cash Flow
DosimetryDevicesAccumulatedDepreciation,Expenses
AreaOfRealEstatePropertyAcquired,Assets
FreshStartAdjustmentIncreaseDecreaseInvestments,Assets
Cashreceivablefromexercisedbutunsettledstockoptionsasofperiodend,Assets
EquityIssuancePerShareAmountAPSettlement,Equity
StockOfferingMaximumNumberofSharesAvailableForSaleThroughAtTheMarketEquityOfferingProgramATMProgram,Equity
CustomerAcquisitionCostCurrent,Other
OtherAccruedExpensesAndLiabilitiesNoncurrent,Expenses
GainLossonHedgeIneffectiveness,Other
DisposalOfFullyDepreciatedRealEstate,Other
ChangesinEstimatesatCompletion,Other
EmployeeServiceShareBasedCompensationNonvestedAwardsCompensationCostNotYetRecognizedDueInThreeYears,Other
ElectronicBankingExpense,Expenses
PrincipalPaymentsReceivedOnAvailableForSaleSecurities,Revenue
ShareBasedCompensationArrangementByShareBasedPaymentAwardFairValueAssumptionsPrevestCancellationRate,Cash Flow
CiprofloxacinSettlement,Other
RestructuringChargesBusinessRealignment,Other
NoninterestIncomeFromTrust,Other
FreshstartAdjustmentIncreaseDecreaseOilAndGasPropertyFullCostMethodNet,Assets
PeriodOverPriorYearPeriodPercentIncreaseDecreaseServiceExpenses,Expenses
Operatingexpensespaidbyothers,Cost
CommonUnitsIssuedDuringPeriod,Other
SummaryOfSignificantAccountingPoliciesZeroThreeFiveZeroNineFourZeroZeroSevenXwgQEightdTThreeSqGZ,Other
MarketableSecuritiesReclassification,Assets
AccruedCustomerAllowances,Other
CapitalStockZeroThreeFiveFourNineFourZeroFourFivewSixhtgRpCCGNK,Equity
NoncashorPartNoncashAcquisitionValueofWorkingCapitalAcquired,Assets
EstimatedAmortizationOnLongtermRentConcessionYearFour,Expenses
AmountOfSharesPledged,Equity
NoncashProjectAbandonmentCosts,Expenses
SiteContingencyNumberofPotentiallyResponsibleParties,Other
FinancingReceivableModificationsPostModificationRecordedInvestmentNumberOfContracts,Assets
NumberOfUnconsolidatedJointVenturePartnerships,Other
StockIssuedToSettleAccountsPayableAmount,Liabilities
UnrealizedGainsLossesOnInvestmentsCarriedAtCost,Assets
CapitalizedExploratoryWellCostsGreaterThanOrEqualToOneYearAndLessThanThreeYears,Expenses
SegmentReportingReconcilingItemInLossesAndOtherExpensesFromSegmentToConsolidatedAmount,Expenses
FinancingReceivableModificationsPostModificationInvestmentRecorded,Assets
AssignmentOfNotesPayableToConvertibleNotes,Liabilities
EffectiveIncomeTaxRateReconciliationStockOptions,Equity
PreciousMetalsStatedUnderNonLIFOCostMethods,Other
MortgagesReceivableFromAffiliate,Assets
StockIssuedDuringPeriodValueIssuedForServicesFour,Equity
ScheduleOfNetRevenuesFromManufactureOfBatteriesByGeographicalAreasZeroThreeFiveThreeEightZeroPDHnHQwDOneqJP,Revenue
TotalFixedMaturitySecuritiesFairValue,Assets
OptionActivityAttributableToNoncontrollingInterestHolders,Other
DispositionsAtCost,Other
SummaryOfSignificantAccountingPoliciesZeroThreeFourNineFiveZeroPNTPSevenSGCwTwogFive,Other
IntersegmentRevenueEliminatedInConsolidation,Revenue
ShareBasedCompensationArrangementByShareBasedPaymentAwardEquityInstrumentsOtherThanOptionsExercisableWeightedAverageGrantDateFairValue,Equity
PercentageTotalOfMaturityDistributionOfTimeDeposits100000OrMore,Other
DisposalGroupsIncludingDiscontinuedOperationsZeroThreeFiveOneEightZeroFivenTSixTKSevensZCTwoh,Other
CostOfOnboardAndOther,Other
EsppShareDiscount,Other
ScheduleOfDisclosureOfSharebasedCompensationArrangementsBySharebasedPaymentAwardZeroThreeFiveThreeThreeZeroJBDfdTwopGzTwoWB,Cash Flow
PutableAdvances,Other
CarriedInterestNonconsolidatedCarryingAmount,Other
PaymentsToAcquireLoansAndLeasesHeldForInvestment,Assets
AccumulatedOtherComprehensiveIncomeLossDeferredGainLossDerivativesQualifyingAsHedgesBeforeTax,Liabilities
ScheduleOfProvisionForIncomeTaxesZeroThreeFiveThreeFourZeroBDdbPwTCzqyk,Income
TaxesOtherThanIncome,Other
ScheduleOfSubsidiariesAndVariableInterestEntityZeroThreeFiveZeroNineZeronxlwFhdFiveWnCk,Other
OperatingLeasesFutureMinimumPaymentsDueinThreeYearsFutureMinimumSubleaseRentals,Cash Flow
WeightedAverageExercisePriceWarrantsIssued,Other
CapitalLeasesFutureMinimumPrincipleDueCurrent,Equity
IndemnificationClaimsNumberDuringPeriod,Other
PrincipalActivitiesBasisOfPresentationAndOrganizationZeroThreeFiveThreeEightZeroxOneMphThreewsRPhq,Other
ProfessionalFeesRelatedtoFinancialReporting,Other
GainOnSaleOfLandTotal,Cash Flow
SharesIssuedToPriorYearInvestors,Equity
ProceedsFromOptionAndWarrantExercises,Cash Flow
OptionsExpense,Expenses
SupplyAgreementFutureMinimumPaymentsDueNextTwelveMonths,Cash Flow
IncomeTaxesZeroThreeFourNineFiveZeroTXwSevenZSFourQpLfOne,Income
DeferredTaxAssetsTaxDeferredExpenseReservesAndDepreciationAndOtherLiabilities,Expenses
IncomeTaxConcessionImpactonBasicEarningsperShare,Income
DistributionspaidtocommonunitholdersPublic,Other
AdvancesMadeDirectlyOrIndirectlyToExecutiveOfficersForPersonalBenefits,Other
ProceedsFromSaleOfRestrictedStockToCoverTaxes,Equity
TradeAccountsReceivableNetZeroThreeTwoSevenOneThreeSevenSixFiveSevenhZStTbmhrwR,Assets
InitialPublicOfferingExpenses,Expenses
ConsiderationReceivedFromNonCashExchangesOfInvestmentSecurities,Assets
DiscontinuedOperationNumberofBusinessesSold,Other
ConvertibleNote5AdarOriginalBorrowing,Other
VoyageExpensesRelatedParties,Expenses
SoftwareDeliverySupportAndMaintenanceRevenue,Revenue
LoansAndLeasesReceivableOtherAllowances,Assets
InvestmentsOfConsolidatedInvestmentProducts,Assets
OfficeAndOther,Other
DividendsPayableAnnualDividendRateAmountPerShare,Liabilities
AdvisorExpenseReimbursementAlternative2,Expenses
TradingSecuritiesEquityCost,Assets
DebtInstrumentNoncurrentPortionOfUnamortizedDiscount,Liabilities
FutureAllocatedShareBasedCompensationExpenseYearThree,Expenses
InventoryNetProfitIncludedInCommisions,Assets
NetProceedsFromSaleVessels,Cash Flow
RevenueShareAndRoyaltiesExpense,Revenue
MinorityInterestInPreferredUnitHolders,Other
OtherComprehensiveIncomeDefinedBenefitPlansNetUnamortizedGainLossArisingDuringPeriodTax,Other
ReceivableDeemedPastDueOrUncollectible,Assets
ClassOfWarrantsOrRightExchangedDuringPeriod,Other
PrepaidExpensesAndDeferredCost,Expenses
DamageClaimForAllegedUnpaidLicensingFee,Other
AccruedPayrollAndOtherLiabilitiesCurrent,Liabilities
WarrantsIssuedForFinancingShares,Equity
NetDividendsCommonStockMandatorilyRedeemableCapitalStock,Equity
VariableInterestEntityReportingEntityInvolvementMaximumLossExposureAdditionalAggregateAmountThatCouldBeRequired,Other
RetailBrokerageAndAdvisoryIncome,Other
AverageNumberOfOptionsContractsTraded,Other
FairValueLevel1toLevel2TransfersAmount,Other
EstimatedPercentOfCommonSharesHeldByAquiredEntityAfterMerger,Equity
GainLossOnSalesOfLoansNet,Revenue
SignificantVendorPercentage,Other
PercentageOfValuationAllowance,Other
GainOnLicenseFees,Other
NumberOfOperatingLeaseRenewalOptions,Other
OperatingandCapitalLeasesandPurchaseCommitmentsFutureMinimumPaymentsDueInThreeYears,Equity
ScheduleOfSharebasedCompensationStockOptionsActivityZeroThreeFiveFourFourZerozBdcdThreeRgTtOnes,Equity
CompanyEnteredAnAgreementToIssueThreeOneYearConvertibleNotes,Other
MaximumAmountOfCommercialLoansReceivableThirdPartyCreditScoringModelsUsedForRiskRating,Assets
DeferredTaxAssetsTaxDeferredExpense,Expenses
NumeratorForDilutedEpsNetIncomeLossFromContinuingOperationsAfterAssumedConversions,Income
TaxesPaidOnEmployeesRestrictedShareAwardVestings,Other
DueToFromAdviser,Other
BrazilMatterNumberofLawsuitsfiled,Other
SaleOfCommonStock,Equity
TierTwoRiskBasedCapitalToRiskWeightedAssets2019RegulatoryMinimumRationPlusCapitalConservationBuffer,Assets
MarketAndTerritoryAnalysis,Other
InterestExpenseDomesticDepositLiabilitiesWithdrawalPenalties,Expenses
GainLossOnInvestmentsExcludingOtherThanTemporaryImpairmentsTax,Expenses
Productionandnonproductiondepreciationandamortizationexpense,Expenses
DeferredTaxAssetsOperatingLossCarryforwardDomesticSubsidiary,Assets
IntellectualPropertyRightsOwnershipInterestToBeTransferredPercentage,Assets
PromissoryNoteWasIssuedInTheFaceAmount,Other
ComprehensiveIncomeNetOfTaxIncludingPortionsAttributableToNoncontrollingAndRedeemableInterest,Other
SBAGuaranteeFee,Other
FreshStartAdjustmentIncreaseDecreaseOtherLongTermDebt,Liabilities
CashReceivedInLieuOfDrillingServices,Assets
GoodwillWrittenOffRelatedToDisposalOfAssetsHeldForSale,Assets
WarrantPurchased,Other
IssueOfCommonStockForAcquiringLicenseValue,Equity
SharesHeldInEquityInvestmentSold,Assets
AmountHeldInTrustAccountUponClosingOfOffering,Other
ScheduleOfSharebasedCompensationStockOptionsActivityZeroThreeFourNineFourZeroxcnpfVsndwLT,Equity
FairValueAssetsMeasuredOnRecurringBasisGainLossIncludedInEarnings,Assets
PaymentsToAcquireCommercialRealEstate2,Cash Flow
PrincipalcollectionsoncreditrisktransferandnonAgencysecurities,Assets
PaymentsToAcquirePreciousMetals,Cash Flow
ScheduleOfSummaryOfConvertiblePromissoryNoteZeroThreeFiveThreeSixFourZeroThreeSixngEightcOneFkpwQSThree,Other
IncreaseDecreaseinAccountsReceivableandOtherAssetsIncludingRelatedParty,Assets
ShareBasedCompensationPercentageOfTargetAwardGrantedForCalculatingMaximumAggregateAwardOfPerformanceShare,Other
BorrowingsFromWorkingCapitalRevolvingCreditFacility,Equity
ShareBasedCompensationArrangementByShareBasedPaymentAwardFairValueAssumptionsWeightedAverageGrantDateFairValue,Cash Flow
DebtInstrumentConvertibleNumberOfLowestTradingPricesUsedToDetermineConversionPrice,Liabilities
OtherComprehensiveIncomeLossPensionLiabilityAdjustmentTaxAmount,Liabilities
StockCompensationExpenseOnStockAward,Expenses
UnderwritingAcquisitionAndInsuranceExpenses,Expenses
SharesOfCommonStockIssuanceToWarrants,Equity
WarrantsGrantedPrice,Other
MogollonOptionCosts,Expenses
CommitmentsAndContingenciesZeroThreeFiveTwoFiveZerowDrWcThreetkThreerSevenD,Other
ScheduleOfDisposalGroupsIncludingDiscontinuedOperationsCashFlowsDisclosuresZeroThreeFiveTwoSevenZerodGZeroThreerEightEightXkMCR,Assets
IncomeTaxZeroThreeFiveZeroZeroThreeNineNineNineThreeSZhrqbzJFTOne,Income
CompanyWillPayToTheLicensorAOneTimeFee1,Other
LesseeLeasingArrangementsOperatingLeasesAreaofLease,Other
MarketableSecuritiesRestrictedCurrent,Assets
IssuanceOfCommonStockValue,Equity
NetAmountRetained,Equity
SpecialVotingSharesValue,Equity
EquityMethodInvestmentsBasisAdjustments,Assets
GuarantyFees,Other
PlacementCostsRelatedToNotesPayableInGold,Expenses
NotionalAmountOfInterestRateDerivativesMaturingInYearFour,Other
SeriesAUepHoldingsLlcParValue,Other
IncreaseDecreaseRevenuePayable,Revenue
PaymentsForProceedsFromRentalOperations,Cash Flow
AtmAndCheckCardFeesExpenses,Expenses
RelatedPartyTransactionsZeroThreeFiveTwoSevenZeroSbpQngXRTggm,Other
BusinessCombinationContingentConsiderationLiabilityPayment,Liabilities
BusinessCombinationConsiderationTransferredRestrictedStockUnits,Equity
ScheduleOfEffectiveIncomeTaxRateReconciliationZeroThreeFourNineEightZerockrZSgwdSixRld,Income
InterestBearingDepositLiabilitiesMeasuredAtFairValue,Liabilities
LegalSettlementPayable,Liabilities
SeriesAConvertiblePreferredStockOutstanding,Equity
NumberOfConsecutiveNonpaymentsForTdrLoanToBeDeemedDefault,Cash Flow
MineralPropertyCostsZeroThreeFiveThreeSixZeropKCzcTMxvxTSeven,Expenses
FederalHomeLoanBankAdvancesMaturitiesSummaryAverageInterestRateFourToFiveYearsFromBalanceSheetDate,Other
ShorttermLoanZeroThreeFiveThreeSevenZerofBLlOneThreeJpkrFiveZero,Other
ValueOfCommonStockRepurchasedBuybackPlan,Equity
PrepaidCommissionToThirdPartyPaymentChannelsCurrent,Cash Flow
FinishedGoodsInventoryWithTitlePassedToCustomer,Assets
ScheduleOfCondensedBalanceSheetZeroThreeFiveThreeFourZeroyFourQJkzcKgtff,Other
NumberOfResortsManaged,Other
PercentageofRevenueCollectedforAdvertisingFund,Revenue
PercentageOfOwnershipOnOutstandingCommonStockRequiredToBecomeRelatedParty,Equity
BasisAdjustment,Other
DerivativeWarrantLiabilityFairValue,Liabilities
SettlementLiabilitiesAfterIssuanceOfSharesCashPaymentsAndAdjustment,Assets
ConvertiblePromissoryNotesZeroThreeFiveThreeSixFourZeroThreeSixsXvcZeroTvZNineLrk,Other
GeneralCorporateExpense,Expenses
BookValueCollateralOfGrossLoanForAssetSpecificFinancingAgreements,Assets
LiabilitiesSubjectToCompromiseOtherLiabilities,Liabilities
FiniteLivedIntangibleAssetsAndProductDevelopmentCostAmortizedAmount,Assets
ScheduleOfSegmentInformationZeroThreeFiveZeroThreeFourZeroZeroOneEightOneThreeqThreeLFouryGKyQ,Other
SegmentReportingInformationNetInterestIncomeIncludingFullyTaxableEquivalentAdjustment,Other
RevenueFromEnrollmentAndRegistrationFeesInProgram,Revenue
PaymentsForRepurchaseOfCommonTreasurySharesStockPlanExercises,Equity
PercentageReductioninCumulativeCashFlows,Assets
StockReceivedDuringPeriodValueForPaymentOfStockOptionExercises,Equity
MineralPropertiesCapitalizedCostsNet,Expenses
DealerManagerandDistributionFees,Other
ProportionalAmortizationMethodQualifiedAffordableHousingProjectInvestmentsNetIncomeTaxBenefit,Expenses
LongTermUnpaidClaims,Other
ProceedsFromSalesOfLoansAndLoansHeldforsale,Revenue
InterestOnObligationsUnderLeases,Liabilities
NumberOfProductCategoriesOfferedMinimum,Other
ScheduleOfCurrentRestrictedCashAndBondReservesZeroThreeFiveOneNineZeroyQWSevenLQhWLLmW,Assets
MembershipInterest,Other
BorrowingsUnderDebtObligations,Liabilities
TrustPreferredSecuritiesLiquidationValue,Assets
AdjustmentstoAdditionalPaidinCapitalSharebasedCompensationRestrictedStockUnitorRestrictedStockAwardVested,Equity
PreferredStockAccretionOfRedemptionDiscount,Equity
NonCashAccountsPayableAndAccruedExpensesConvertedToStock,Expenses
AccruedExpensesAndOtherPayablesZeroThreeFiveThreeEightZeroTwoVMTMzPrRJEightH,Expenses
GeneralAndAdministrativeExpenseExcludingRelatedPartyExpense,Expenses
NumberOfStatesThatIssuePropertyAndCasualtyPolicies,Assets
GoldenWideInternationalLimitedGWILHongKongALimitedLiabilityCompany,Liabilities
FutureSubleaseIncomeInYearFive,Other
ImpairmentOfLonglivedAssetsAndOtherIntangibleAssetsHeldforuse,Expenses
EffectOfDilutiveSecuritiesOnNetIncomeLoss,Assets
FairValueInputsControlPremium,Other
IssuanceOrCreditOfStockForServices,Equity
ProceedsFromIssuanceOfMortgageLoanParticipationCertificates,Cash Flow
LoansAndLeasesImpairedNonperformingAccrualAndNonaccrual,Other
DebtSecuritiesCarriedAtFairValueAmortizedCost,Assets
UnderwritersDiscountPercentage,Other
CommercialLoansForeign,Other
StandbyLettersOfCreditFairValueDisclosure,Other
Accruedvolumeincentivescurrent,Other
ExecutionAndClearing,Other
NumberOfTerritories,Other
ExpensesPaidOnBehalfOfCompanySubscriptionReceivable,Expenses
NetOperatingLossExpiringOnSpecifiedDateTwoIfNotUtilized,Other
SpinoffCostsIncludedinContinuingandDiscontinuedOperations,Expenses
NoncashInvestingAndFinancingStockIssuedNetOfWithholding,Assets
ReversalAllowanceForDoubtfulOtherReceivablesCurrent,Assets
ThresholdBeneficialOwnerPercentageDeterminingWithholdingIncomeTaxRate,Income
NoncashOrPartNoncashAcquisitionNoncashFinancialOrEquityInstrumentConsiderationWarrantsIssued1,Assets
SeriesFAdjustmentToTransferAgentRecords,Other
ChargebackReservesGoods,Other
OtherIncome,Other
CollateralPostingClearing,Other
WeightedAverageNumberofSharesOutstandingExchangeable,Equity
ScheduleOfConvertibleDebtZeroThreeFiveThreeThreeZeroRrxQvSMDLGpz,Liabilities
RelatedPartyTransactionDefinitionOfRelatedPartyCapitalStockPercentage,Equity
EquipmentAndVehiclesYardAndFieldDepreciableLivesFrom3To15Years,Assets
BalanceAtEndOfPeriod,Other
IncreaseDecreaseInManagementFeesRecivable,Other
TemporarilyImpairedAndOtherThanTemporarilyImpairedSecuritiesContinuousUnrealizedLossPosition12MonthsOrLongerAggregateLosses,Assets
ExpectedTerm,Other
OilPrice,Other
RepurchaseOfCommonStockOnAccount,Equity
MgpSiteContingencyCount,Other
FairValueOptionUnfundedLendingCommitmentsContractualAmount,Other
ProceedsFromIssuanceOfAssetBackedNotesNetOfOriginalIssueDiscount,Assets
NumberOfAdditionalDentalClinicsOpened,Other
DeferredTaxLiabilitiesEmployeeStockOptionPurchase,Liabilities
PercentageOfInterestAcquiredInASingleClinic,Other
NetIncomeLossAttributabletoConvertibleNoncontrollingInterest,Income
AvailableLinesOfCreditForLoansAndCreditCardsToAffiliates,Other
CapitalCommitments,Equity
AmortizationOfStockOptionExpense,Expenses
NonCashTransactionDuringPeriod,Assets
UnamortizedCompensationCostRelatedToUnvestedStockOptionAwards,Equity
PreferredStockSeriesAOutstanding,Equity
EmployeeStockOwnershipPlanSharesAllocatedDuringPeriod,Equity
UnamortizedDeferredFinanceCosts,Expenses
AdjustmentsToAdditionalPaidInCapitalWarrantIssuedForProfessionalServices,Equity
PercentageOfDeferredOriginationFees,Liabilities
EscrowDepositsOther,Other
ManagementAndOtherFeesFromAffiliates,Other
InvestmentinLowIncomeHousingProjects,Assets
StockRepurchasedAndRetiredOrNewlyIssuedDuringPeriodNetValue,Equity
ScheduleOfDisposalGroupsIncludingDiscontinuedOperationsIncomeStatementBalanceSheetAndAdditionalDisclosuresZeroThreeFiveZeroNineFourZeroZeroSevenEightmRMhJJgvNSixTwo,Other
ChangesInComponentsOfWorkingCapitalAssociatedWithInvestingActivities,Equity
ReduceRoyaltiesPercentageAfterNetSalesOfLicensedProducts,Revenue
ConvertibleLoanAgreementsZeroThreeFiveZeroThreeZeroZLZxWdtZeroxZMr,Other
FairValueLevel1ToLevel3TransfersAmount,Other
HealthCareBenefitsEligibleEmployeeNumberOfPointsMinimum,Other
OwnershipInterestInSubsidiary,Other
GasRevenue,Revenue
EquitySecuritiesandPreferredStockUnrealizedAppreciationDepreciation,Expenses
NonFarmNonResidential,Other
ScheduleOfIncomeBeforeIncomeTaxDomesticAndForeignZeroThreeFiveFourFourZeroTwoHgrWsSevengQpPSeven,Income
DisposalGroupIncludingDiscontinuedOperationDueToRelatedParty,Other
PercentageOfOccupancyUnderConditionTwo,Other
IncreaseDecreaseInAccruedExpensesAndOtherCurrentLiabilitiesRelatedParties,Expenses
ReturnOnAverageAssets,Assets
FiberMiles,Other
Franchisefeesexpectedcumulativecatchupadjustment,Other
InvestmentsDistributions,Assets
PaymentsOfDividends,Equity
TroubledDebtFinancingReceivableModificationPerformingAccordingToModifiedTerms,Assets
IncreaseDecreaseInAccountsReceivableCurrentAndNoncurrent,Assets
DisposalGroupIncludingDiscontinuedOperationGovernmentSubsidiesCurrent,Other
DerivativeFairValueOfDerivativeAssetNotOffsetAgainstDerivativeAssets,Assets
BankServiceCharges,Other
InterestbearingTimeDeposits250000orMore,Other
CashCollateralfromDerivativeCounterparty,Assets
GuaranteeObligationsMaximumExposureCollateralized,Liabilities
GainLossOnDispositionOfBusinessAndInvestment,Assets
ForeclosedRealEstateExpenseIncome,Expenses
PercentageOfAssetsLiabilitiesRevenuesExpensesAndCashFlowsConsolidatedAndDiscussed,Revenue
CovenantsLimitAmountOfSecuredIndebtednessThatWeMayIncurAndLimitAmountOfAttributableDebtInSaleLeasebackTransactionsToPercentageOfNetTangibleAssets,Assets
PerformingAndNonperformingLoans,Other
ResidentialMortgageLoansServicedForThirdParties,Other
NetIncomeLossIncludingPortionAttributableToNoncontrollingInterestBeforeAllocationToTemporaryEquities,Income
IntangibleLiabilitiesNonCurrentNetExcludingGoodwill,Assets
ProceedsFromRepaymentsOfIntercompanyShortTermBorrowings,Cash Flow
ScheduleOfAllowanceForDoubtfulAccountsZeroThreeFiveFourFourZeroNMPzzSevenxFournDBX,Other
OtherPayablesToAffiliatedCompanies,Liabilities
OptionsOutstandingContractualLifeInYears,Other
CommissionsAndAmortizationOfDeferredPolicyAcquisitionCosts,Expenses
DebtInstrumentInterestRateEffectivePercentage7,Liabilities
NoncashorPartNoncashAcquisitionFederalHomeLoanBankStock,Assets
ManagementFeesPayable,Liabilities
AccretionOfOtherComprehensiveIncomeLossTransfersFromAvailableForSaleSecuritiesToHeldToMaturityTax,Revenue
NumberOfParcelsOfLandHeldForSale,Other
NonimpairedPurchasedLoansCarryingValueCovered,Other
RevenuefromBeginningDeferredRevenue,Revenue
LoansAndLeasesReceivableNetOfDeferredIncomeExcludingAcquiredLoans,Assets
DecreaseInFairValueOfContingentConsiderationFromProbabilityAdjustedRevenue,Revenue
PaymentsForExpensesRelatedToSaleOfBuildings,Expenses
ScheduleOfSegmentReportingInformationBySegmentFromContinuingOperationsZeroThreeFiveThreeFourZeroxdgsTwokDSevenynJq,Other
WholesaleRevenue,Revenue
RecoveryOfLoanLosses,Other
ProceedsfromPaymentforSettlementofDerivatives,Cash Flow
NetSettlementOfRestrictedCommonStock,Equity
MutualFundsEquity,Equity
AgingAccountsReceivable4To6MonthsPastDue,Assets
ScheduleOfDisclosureOfSharebasedCompensationArrangementsBySharebasedPaymentAwardZeroThreeFiveThreeThreeZerobpBKNGlwKrCb,Cash Flow
AvailableForSaleSecuritiesGrossUnrealizedLossesPercentage,Revenue
NetProceedsFromFactor,Cash Flow
LongTermDebtMaturitiesRepaymentsOfPrincipalInYearThree,Liabilities
PaymentsToInvestInDecommissioningFund,Cash Flow
LongTermDebtWeightedAverageMaturityInYears,Liabilities
PotentialAntidilutiveSecuritiesExcludedfromFutureComputationsofEarningsAmount,Assets
PaymentsForInterestBearingDepositsInOtherBanks,Cash Flow
CompanyIssuedSharesOfItRestrictedCommonStockAtAFairValue,Equity
SharesOfSanLotusHoldingIncBviCompanyAcquired,Equity
OnlineGameServicesRevenue,Revenue
LimitedPartnersCapitalAccountClassHUnits,Equity
OtherInvestmentSecuritiesatCostAmortizedCostBasis,Assets
Effectiveincometaxratereconciliationforeignpermanentdifferencesamount,Income
FairValueOptionLiabilitiesFairValueBalance,Liabilities
OtherLongTermAssetsCondensedConsolidating,Assets
ConvertibleDebenturesAndDeferredFinancingCostsZeroThreeFiveZeroTwoZerocZeroPXmFiveCkJTwoNg,Expenses
PaymentsforDeferredProjectCosts,Expenses
StockIssuedDuringPeriodSharesNewIssuesEmployeeExchange,Equity
RepaymentsOfPremiumToRedeemBonds,Cash Flow
MarketableSecuritiesGrossUnrealizedLosses2,Assets
IncreaseDecreaseInCustomerPayables,Liabilities
OtherComprehensiveIncomeLossEffectsOfDeferredPolicyAcquisionCostsAndCostsOfCustomerRelationshipsAcquiredNetOfTaxPortionAttributableToParent,Expenses
CommonStockTenderedAsConsideration,Equity
OtherComprehensiveIncomeLossAmortizationOfUnrealizedGainLossOnSecuritiesTransferredToHeldToMaturity,Expenses
AdditionalPaymentThatCanBeTriggeredDuringInitialFiveYearsFollowingTransactionPaymentSix,Cash Flow
PrepaidReinsurancePremiums,Other
TaxCreditsReceivableNoncurrent,Assets
AssetsContinuingOperations,Assets
IncreaseDecreaseInBillingsExcessOfCostsAndEstimatedEarnings,Expenses
ResearchAndDevelopmentCost,Cost
Initialunamortizeddebtdiscountatissuance,Liabilities
PurchasePriceAndIndemnificationRelatedToPurchaseOfSubsidiary,Cash Flow
CommonStockIssuedToAnnihilyzerPricePerShare,Equity
BusinessCombinationRecognizedIdentifiableAssetsAcquiredAndLiabilitiesAssumedFavorableUnfavorableLease,Assets
PropertyPlantAndEquipmentGrossExcludingConstructionInProgress,Assets
ProceedsFromIssuanceOfContingentlyRedeemableEquity,Equity
UnrecognizedCompensationExpenseRelatedToTheOptionsIssuedInDecember2014,Expenses
CapitalInvestment,Assets
BulkRevenue,Revenue
PercentageOfLongLivedAssetsByGeographicSegment,Assets
AntidilutiveSecuritiesExcludedFromComputationOfEarningsPerShareDueToLossIncurredAmount,Assets
StatutoryAccountingPracticesDividendsPaidWithApprovalOfRegulatoryAgency,Equity
PaymentsToAcquireInterestInJointVentureAdditionalInvestment,Assets
AllowanceForLoansRecoveriesOfBadDebtsTDR,Liabilities
DeferredTaxAssetsTaxDeferredExpenseReservesAndAccrualsAllowanceForDoubtfulAccountsAndDeferredRevenue,Revenue
IntangibleAssetsWrittenoffRelatedtoSaleofBusinessUnit,Assets
CommonSharesAndWarrantsZeroThreeFourNineSixZerozSNineGTwoFcTtbFiver,Equity
PostretirementLiabilityActivity,Liabilities
SharesIssuedForExerciseOfWarrant,Equity
ScheduleOfShorttermDebtZeroThreeFiveTwoFiveZeroZeroFKkPFourTEightGJsEight,Liabilities
CashTaxDistributionsWhollyOwnedSubsidiaryToClassBShareholders,Assets
NonCashChangeInExitActivitiesAndRestructuringLiability,Assets
DeferredCostsCurrentAndNoncurrentAcquired,Expenses
NewSevenyearPlanofEligibleInvestmentsUnderTDSICAmountofInvestment,Assets
CapitalContributiontoSubsidiary,Equity
TransitionalandSkilledServicesandAssistantandIndependentLivingCampuses,Other
PercentageOfResidualMarketBusinessWrittenDirectlyForMandatoryPoolsAndCededBackToMandatoryPools,Other
RoyaltyAndFranchiseIncome,Other
TheCompanyHadInPrepaidRent_PrepaidEquipment,Assets
FairValueofAcquireeEquityAwardsnotEarnedasofMergerDate,Equity
RestructuredLoansModifiedByReductionInInterest,Other
EquityMethodInvestmentSummarizedFinancialInformationRealizedGainLossonInvestmentsandSecuredBorrowings,Assets
GainLossonInvestmentsandDerivatives,Assets
MilestonePaymentReceivableUponReceiptOfRegulatoryApprovalOfProduct,Assets
IncomeTaxReconciliationChangeInDeferredTaxRate,Liabilities
IncreaseDecreaseInDistributorRevenue,Revenue
NonInventoryLoanThresholdLimitForReviewByAuditCommittee,Assets
PercentageOfClaimNetSmelterReturn,Other
AccountsPayableAndAccountsPayableRelatedPartiesCurrent,Liabilities
PercentageOfVotingInterestControlledByNonChairmanMemberOfTheControllingStockholderEntity,Equity
AdjustmentsToAdditionalPaidInCapitalTaxShortfallFromShareBasedCompensation,Equity
ScheduleOfEarningsPerShareBasicAndDilutedZeroThreeFourNineEightZerolOnecSevenpTyZvqPH,Income
PercentageOfPlacementFeeBasedOnGrossProceedsRaisedInOffering,Cash Flow
FairValueOfCommonStockOptionsIssuedAsCompensation,Equity
NumberOfAffiliatedMutualFundsTrustees,Other
ResortandClubManagementRevenue,Revenue
HeldToMaturitySecuritiesRealizedGain,Assets
CommonStockDividendDeclaredBasedOnDailyAmountPerShare,Equity
InvestmentOwnedOwnershipPercentage,Assets
PaymentToEmployeeAdvances,Cash Flow
ProvisionForDoubtfulAccountsAndInventoryAdjustments,Assets
TreasuryStockSharesAcquiredNetOfTaxWithholdings,Equity
IncomeLossFromEquityMethodInvestmentsCashFlowEffect,Assets
ChangeInAccruedRelatedPartyInterest,Other
Numberofownedandoperatedrenewableenergybusinesses,Other
SoftwareAcquisitionExpense,Expenses
DivestmentExpenses,Expenses
FinancialServicesIncomeLossFromEquityMethodInvestments,Assets
WirelessCommunicationsProductsRevenue,Revenue
IncentiveRevenue,Revenue
UnrecognizedTaxExpenseForUsSourceShippingIncome,Expenses
OtherOrganizationAndOfferingCosts,Expenses
SiembraMineraBeneficialOwnershipByVenezuela,Other
StockRepurchasedandRetiredDuringPeriodAccrued,Equity
UnrecognizedTaxBenefitsreversingwithin12monthsthatwouldimpactETR,Other
DerivativeAssetFairValueGrossAssetByCounterparty,Assets
StockIssuedDuringPeriodValueStepAcquisitions,Equity
StockIssuedDuringPeriodValueMergers,Equity
PerformanceUnitsAdjustmentForPerformanceMultiplierRangeMaximum,Other
OtherComprehensiveIncomeLossTaxExpenses,Expenses
ConversionOfNotesPayable,Liabilities
TumbleweedOwesTheJointVentureCompanyRepresentingIts40ShareOfCostsInExcessOfTheFirst,Expenses
PercentageOfLoansToLoans,Other
RealEstateHeldForSaleImprovements,Other
PaymentForLoanAndLeaseOriginationsAndPrincipalCollections,Cash Flow
AllocatedToAdditionalPaidInCapitalForTheIntrinsicValueOfTheBeneficialConversionFeature,Equity
NumberOfReportingUnitsImpactOnNetRevenueAndProfitability,Revenue
DebtRefinancingNewMortgageLoans3,Liabilities
FavorableCharterPartyContractsAmortizationinThreeYears,Expenses
ClientCollectedCashAndCashEquivalentsAtCarryingValue,Assets
FinancingReceivableCreditQualityRelationshipThresholdforReview,Assets
OtherComprehensiveIncomeLossFinancialLiabilitiesAdjustmentExcludingOpeningImpactNetofTax,Liabilities
NumberofROICAwardsExcludedfromDilutedSharesOutstanding,Equity
IndemnificationLiabilityDeductibleAmount,Liabilities
DerivativeSwapsTerminatedNotSettled,Other
ScheduleOfDisclosureOfSharebasedCompensationArrangementsBySharebasedPaymentAwardZeroThreeFourEightEightThreeNineEightNinevzdhvwDVSNKf,Cash Flow
Cashcashequivalentsandrestrictedcashperiodincreasedecrease,Assets
ConvertibleNote4TypenexBalanceAtJune302016,Other
AllocatedShareBasedCompensationExpenseCredit,Expenses
RestrictedStockWithholdings,Equity
StockRepurchasedAndRetiredAtEndOfPeriodValue,Equity
ComputerAmpEquipmentCostAtMarch312017,Assets
CoveredLoansNonaccrual,Other
IssuanceOfSeriesPreferredStockAsPaymentOfOfferingCosts,Expenses
InvestmentInJointVenturesDeficit,Assets
FairValueMeasurementWithUnobservableInputsReconciliationRecurringBasisAssetValue,Assets
AggregateWarrantReceived,Other
GainOnSaleOfSubsidiaryToJointVenture,Cash Flow
RetirementPlanAnnuitiesIncome,Other
ProceedFromPaymentsToJointInterestPartners,Cash Flow
AvailableforsaleSecuritiesExpectedDebtMaturitiesNextRollingTwelveMonthsAmortizedCostBasis,Revenue
AccretionOfDirectFinancingLease,Other
DiscontinuedOperationTaxEffectOfIncomeLossFromDiscontinuedOperationDuringPhaseOutPeriod,Other
DebtRetirementExpense,Expenses
TotalIntangibleAssetsAmortizationExpense,Expenses
ScheduleOfSegmentReportingInformationRevenuesBySegmentZeroThreeFiveZeroNineFourZeroZeroSevenHfPTwodyLHwbGV,Revenue
RangeOfExercisePrices001039OptionsOutstanding,Other
AccumulatedOtherComprehensiveIncomeLossAvailableForSaleSecuritiesAdjustmentNetOfTaxPortionAttributableNoncontrollingInterest,Revenue
Goodwillreallocation,Assets
ConvertibleDebenture,Other
LoanPayableForAcquisitionOfEquipment,Assets
AccruedInterestExpensesCurrent,Expenses
SelfInsurancePlanIndividualClaimMinimumAmount,Other
LiabilityforClaimsandClaimsAdjustmentExpenseLife,Expenses
DueToJointVenturePartners,Other
PercentageOfInventoryPurchasesFromTopTwoSuppliers,Assets
AccruedInterestReceivablesFairValueDisclosures,Assets
CommitmentsAndContingenciesZeroThreeFiveTwoFiveZeroTDQhrFSThreeMNkb,Other
SharesOutstandings,Equity
ShareBasedCompensationArrangementByShareBasedPaymentAwardOptionsAndStockAppreciationRightOutstandingWeightedAverageExercisePrice,Equity
NonServicePensionCosts,Expenses
NumberOfSeparatePropertyOrFundCoInvestments,Assets
InterestandOtherIncomeIncludingDiscontinuedOperations,Other
NumberOfSeparateParagraphFourNotices,Other
TotalOtherOperatingActivities,Other
SettlementsAndDefenseFees,Other
ReinsuranceRecoverablesOnUnpaidLosses,Other
PublicUtilitiesPropertyPlantAndEquipmentOtherPropertyAtCostLessAccumulatedDepreciation,Expenses
RoyaltyPerTonYear2,Other
Fairvalueofcommonstockissuedforfutureservices,Equity
ScheduleOfChangesInConstructionInProgressByProjectZeroThreeFiveOneNineZeroSevenXsSevenNDpcCZeroSZero,Other
NumberOfLimitedPartnershipUnitsIssuedToNonControlling,Other
PoliciesReinsuredbyForeignCompanyNotEngagedinInsurance,Other
IncreaseDecreaseInDistributionsPayable,Liabilities
AggregateGuaranteedMinimumDeathBenefitValueOnVariableAnnuityPoliciesInForce,Other
SaleOfCommonStockAndWarrantsPricePerShares,Equity
NetIncomeLossAttributableToCommonStockholdersAndNoncontrollingInterestBasic,Equity
IssuanceOfCommonStockSharesInConvertibleNotesPayableAndRelatedAccruedInterest,Liabilities
DeferredInterestNumberOfQuarterlyPayments,Liabilities
ImpairedFinancingReceivableWithNoRelatedAllowanceInterestIncomeRecognized,Assets
VectrensemissionrateasmeasuredinlbsCO2MWhpriortoinstallationofnewtechnology,Other
PaymentsForAffordableHousingPrograms,Cash Flow
AvailableForSaleSecuritiesDebtMaturitiesRollingYearTwoThroughThreeFairValue,Revenue
RevenuesRecordedInExcessOfFunding,Revenue
StockIssuedDuringPeriodSharesStockOptionsExercisedGross,Equity
PropertySalesDeposits,Revenue
PercentageOfGasRevenueGeneratedInGivenPeriod,Revenue
PaymentsForProceedsFromOtherInterestEarningAssets,Assets
PaymentsToAcquireInterestInSubsidiariesAndAffiliatesNetOfCashAcquired,Assets
BankCovenantMinimumNetWorthRequirementPostAmendment,Other
EquityMethodInvestmentsSeriesOfIndividuallyImmaterialInvestments,Assets
SharesRemainAvailableForPurchase,Equity
FindersFeePaidOnConvertiblePromissoryNote,Other
ResearchAndClinicalTrialExpenses,Expenses
ShareBasedCompensationShareWarrantsIssuedAsPartOfSettlementWeightedAverageExercisePrice,Other
SummaryOfInvestmentsOtherThanInvestmentsInRelatedPartiesCost,Assets
NonaccrualTroubleDebtRestructuringCurrent,Liabilities
PaymentstoAcquireOilandGasPropertyandEquipmentandtoExploreandDevelopOilandGasProperties,Assets
OtherUtilityIncome,Other
AccruedSampleProcessingFees,Other
Percentageofperformancesharepayoutmeasuredbyreturnoninvestedcapital,Equity
PrepaidHealthInsuranceNoncurrent,Other
ReconciliationOfOperatingProfitLossFromSegmentsToConsolidatedNonCashAdjustments,Assets
HolidayPayAllowancenetSalary,Other
ScheduleOfPledgedDepositsZeroThreeFiveThreeEightZeroQsSixLBZgGTwoKGZero,Other
AccruedRevenuePayableCurrent,Revenue
